{
  "start_label": "Janvier 2023",
  "end_label": "Avril 2026",
  "n_years": 3.2,
  "n_rebal": 13,
  "mgmt_fee_ann": 0.006,
  "te_full": 0.022383,
  "te_p1": 0.020984,
  "te_p2": 0.011912,
  "te_prog": 0.022378,
  "td_full": 0.052382,
  "td_full_ann": 0.015361,
  "mgmt_fee_cumul": 0.019185,
  "cost_tx_cumul": 0.091835,
  "basket_gap_cumul": 0.049388,
  "td_structural_cumul": -0.111019,
  "td_structural_ann": -0.034219,
  "cost_tx_ann": 0.028306,
  "turnover_avg": 0.116333,
  "n_titres_avg": 27,
  "n_titres_min": 25,
  "n_titres_max": 29,
  "annual": [
    {
      "year": 2023,
      "te": 0.030282,
      "td": 0.020129,
      "td_gross": 0.026219,
      "cost_tx": 0.052685,
      "mgmt_fee": 0.005894,
      "basket_gap": 0.026219
    },
    {
      "year": 2024,
      "te": 0.015765,
      "td": 0.047332,
      "td_gross": 0.059997,
      "cost_tx": 0.030589,
      "mgmt_fee": 0.005964,
      "basket_gap": 0.059997
    },
    {
      "year": 2025,
      "te": 0.020832,
      "td": 0.050097,
      "td_gross": 0.06921,
      "cost_tx": 0.016151,
      "mgmt_fee": 0.006012,
      "basket_gap": 0.06921
    },
    {
      "year": 2026,
      "te": 0.012283,
      "td": 0.052382,
      "td_gross": 0.073146,
      "cost_tx": 0.006393,
      "mgmt_fee": 0.001518,
      "basket_gap": 0.073146
    }
  ],
  "td_gross": 0.073146,
  "td_gross_ann": 0.021302
}