{
  "start_label": "Janvier 2023",
  "end_label": "Avril 2026",
  "n_years": 3.2,
  "n_rebal": 13,
  "mgmt_fee_ann": 0.006,
  "te_full": 0.016682,
  "te_p1": 0.020984,
  "te_p2": 0.011912,
  "te_prog": 0.016682,
  "td_full": -0.035156,
  "td_full_ann": -0.010971,
  "mgmt_fee_cumul": 0.019185,
  "cost_tx_cumul": 0.091835,
  "basket_gap_cumul": 0.049388,
  "td_structural_cumul": -0.111019,
  "td_structural_ann": -0.034219,
  "cost_tx_ann": 0.028306,
  "turnover_avg": 0.068377,
  "n_titres_avg": 27,
  "n_titres_min": 25,
  "n_titres_max": 29,
  "annual": [
    {
      "year": 2023,
      "te": 0.025294,
      "td": -0.018293,
      "td_gross": -0.012203,
      "cost_tx": 0.052685,
      "mgmt_fee": 0.005894,
      "basket_gap": -0.012203
    },
    {
      "year": 2024,
      "te": 0.006561,
      "td": -0.004799,
      "td_gross": 0.001399,
      "cost_tx": 0.030589,
      "mgmt_fee": 0.005964,
      "basket_gap": 0.001399
    },
    {
      "year": 2025,
      "te": 0.015004,
      "td": -0.010419,
      "td_gross": -0.004326,
      "cost_tx": 0.016151,
      "mgmt_fee": 0.006012,
      "basket_gap": -0.004326
    },
    {
      "year": 2026,
      "te": 0.00243,
      "td": -0.001969,
      "td_gross": -0.000442,
      "cost_tx": 0.006393,
      "mgmt_fee": 0.001518,
      "basket_gap": -0.000442
    }
  ],
  "td_gross": -0.015535,
  "td_gross_ann": -0.004814,
  "selection_params": {
    "force_weight_pct": 3.0,
    "stale_threshold_pct": 70.0,
    "stale_window_days": 63,
    "max_exec_new_days": 100,
    "max_exec_exist_days": 32,
    "consec_rebals_exit": 2,
    "float_min_mfcfa": 7000,
    "min_basket_weight_pct": 0.1,
    "mgmt_fee_ann_pct": 0.6
  }
}